seq_id,batter_hand,pitch_1,pitch_2,pitch_3,pitch_4,pitch_5,pitch_6,pitch_7,pitch_8,pitch_9,pitch_10
1,Left,직구,슬라이더,체인지업,직구,,,,,,
2,Left,슬라이더,커브,,,,,,,,
3,Right,체인지업,체인지업,슬라이더,슬라이더,체인지업,체인지업,슬라이더,직구,체인지업,
4,Right,슬라이더,커브,체인지업,슬라이더,직구,체인지업,,,,
5,Left,직구,슬라이더,커브,직구,직구,슬라이더,커브,직구,슬라이더,커브
6,Right,슬라이더,커브,직구,슬라이더,커브,직구,커브,체인지업,슬라이더,
7,Right,체인지업,슬라이더,직구,체인지업,커브,직구,,,,
8,Left,커브,직구,슬라이더,커브,직구,직구,슬라이더,커브,직구,
9,Left,슬라이더,직구,체인지업,커브,직구,슬라이더,커브,직구,,
10,Right,체인지업,체인지업,슬라이더,직구,체인지업,커브,직구,,,
11,Right,직구,슬라이더,커브,직구,슬라이더,,,,,
12,Left,직구,체인지업,커브,직구,슬라이더,,,,,
13,Right,체인지업,슬라이더,직구,,,,,,,
14,Left,커브,직구,슬라이더,커브,슬라이더,슬라이더,커브,직구,슬라이더,
15,Right,커브,직구,슬라이더,,,,,,,
16,Right,커브,체인지업,슬라이더,직구,,,,,,
17,Left,체인지업,슬라이더,직구,,,,,,,
18,Right,직구,체인지업,커브,직구,슬라이더,커브,,,,
19,Left,직구,슬라이더,커브,,,,,,,
20,Left,슬라이더,직구,체인지업,커브,직구,,,,,
21,Left,체인지업,슬라이더,직구,체인지업,커브,직구,슬라이더,커브,직구,슬라이더
22,Right,체인지업,,,,,,,,,
23,Left,체인지업,슬라이더,직구,체인지업,,,,,,
24,Right,직구,,,,,,,,,
25,Right,체인지업,슬라이더,직구,체인지업,커브,직구,슬라이더,,,
26,Left,체인지업,직구,,,,,,,,
27,Right,직구,커브,체인지업,슬라이더,직구,체인지업,,,,
28,Right,체인지업,슬라이더,직구,체인지업,커브,직구,슬라이더,커브,,
29,Left,직구,직구,슬라이더,체인지업,직구,슬라이더,커브,직구,슬라이더,커브
30,Left,체인지업,체인지업,슬라이더,직구,,,,,,
31,Left,커브,직구,슬라이더,커브,직구,슬라이더,,,,
32,Left,체인지업,직구,커브,직구,체인지업,커브,직구,슬라이더,커브,
33,Right,직구,슬라이더,커브,직구,슬라이더,,,,,
34,Left,슬라이더,체인지업,커브,,,,,,,
35,Right,커브,슬라이더,직구,체인지업,커브,직구,슬라이더,커브,직구,슬라이더
36,Left,슬라이더,커브,직구,슬라이더,커브,직구,슬라이더,커브,직구,
37,Right,체인지업,슬라이더,직구,체인지업,커브,직구,,,,
38,Left,커브,커브,직구,,,,,,,
39,Right,직구,체인지업,,,,,,,,
40,Left,체인지업,체인지업,슬라이더,직구,체인지업,커브,직구,슬라이더,,
41,Right,직구,체인지업,커브,직구,,,,,,
42,Right,직구,,,,,,,,,
43,Right,슬라이더,,,,,,,,,
44,Right,직구,직구,슬라이더,커브,직구,슬라이더,커브,,,
45,Left,체인지업,슬라이더,직구,체인지업,커브,직구,,,,
46,Right,체인지업,직구,커브,체인지업,,,,,,
47,Left,체인지업,커브,,,,,,,,
48,Right,직구,슬라이더,커브,직구,커브,체인지업,슬라이더,직구,,
49,Left,체인지업,직구,커브,체인지업,슬라이더,직구,,,,
50,Left,체인지업,커브,직구,슬라이더,커브,직구,슬라이더,커브,직구,
51,Left,슬라이더,,,,,,,,,
52,Right,슬라이더,직구,체인지업,커브,직구,슬라이더,커브,,,
53,Left,직구,체인지업,커브,직구,슬라이더,커브,직구,,,
54,Left,직구,슬라이더,,,,,,,,
55,Right,슬라이더,직구,직구,체인지업,커브,직구,,,,
56,Left,체인지업,체인지업,슬라이더,직구,체인지업,커브,,,,
57,Left,체인지업,커브,직구,슬라이더,,,,,,
58,Right,직구,,,,,,,,,
59,Right,직구,체인지업,커브,,,,,,,
60,Right,체인지업,직구,커브,체인지업,슬라이더,직구,체인지업,커브,직구,슬라이더
61,Left,커브,직구,슬라이더,커브,직구,슬라이더,커브,직구,슬라이더,
62,Left,체인지업,체인지업,슬라이더,직구,체인지업,커브,직구,슬라이더,커브,직구
63,Right,직구,슬라이더,,,,,,,,
64,Left,직구,체인지업,커브,직구,슬라이더,커브,체인지업,슬라이더,,
65,Right,커브,직구,슬라이더,커브,직구,슬라이더,커브,직구,슬라이더,
66,Left,슬라이더,체인지업,커브,직구,슬라이더,커브,직구,슬라이더,,
67,Right,직구,직구,슬라이더,,,,,,,
68,Left,직구,직구,슬라이더,커브,직구,슬라이더,커브,,,
69,Left,직구,커브,체인지업,슬라이더,직구,체인지업,,,,
70,Left,슬라이더,직구,체인지업,커브,직구,,,,,
71,Right,커브,직구,슬라이더,슬라이더,직구,체인지업,커브,직구,슬라이더,
72,Left,직구,커브,체인지업,슬라이더,,,,,,
73,Right,직구,직구,슬라이더,,,,,,,
74,Left,체인지업,슬라이더,직구,체인지업,,,,,,
75,Right,체인지업,직구,커브,체인지업,슬라이더,직구,,,,
76,Left,직구,커브,체인지업,슬라이더,커브,직구,슬라이더,커브,,
77,Right,커브,직구,슬라이더,커브,,,,,,
78,Right,직구,직구,슬라이더,커브,직구,커브,체인지업,슬라이더,직구,
79,Right,슬라이더,슬라이더,직구,체인지업,커브,직구,,,,
80,Left,슬라이더,직구,체인지업,커브,직구,슬라이더,커브,직구,슬라이더,
81,Right,커브,커브,직구,슬라이더,,,,,,
82,Right,슬라이더,체인지업,커브,직구,슬라이더,커브,직구,,,
83,Right,체인지업,커브,직구,슬라이더,커브,체인지업,,,,
84,Right,슬라이더,슬라이더,,,,,,,,
85,Right,슬라이더,슬라이더,커브,직구,슬라이더,커브,직구,슬라이더,커브,
86,Right,직구,직구,,,,,,,,
87,Left,체인지업,커브,직구,슬라이더,커브,직구,,,,
88,Left,슬라이더,커브,직구,슬라이더,커브,,,,,
89,Right,커브,직구,슬라이더,커브,직구,,,,,
90,Left,슬라이더,커브,,,,,,,,
91,Right,슬라이더,체인지업,커브,,,,,,,
92,Right,슬라이더,,,,,,,,,
93,Right,체인지업,체인지업,슬라이더,직구,체인지업,,,,,
94,Right,커브,체인지업,슬라이더,직구,체인지업,커브,직구,슬라이더,커브,직구
95,Left,커브,체인지업,슬라이더,직구,체인지업,커브,직구,슬라이더,,
96,Left,체인지업,커브,직구,,,,,,,
97,Left,직구,직구,슬라이더,커브,직구,슬라이더,커브,,,
98,Right,슬라이더,직구,체인지업,커브,직구,슬라이더,커브,직구,슬라이더,커브
99,Right,커브,체인지업,슬라이더,직구,체인지업,커브,직구,,,
100,Right,슬라이더,직구,체인지업,커브,직구,슬라이더,커브,직구,,
101,Left,체인지업,체인지업,슬라이더,직구,,,,,,
102,Left,체인지업,직구,커브,체인지업,슬라이더,직구,체인지업,커브,직구,
103,Left,직구,체인지업,커브,직구,,,,,,
104,Left,체인지업,체인지업,슬라이더,직구,체인지업,,,,,
105,Right,직구,체인지업,커브,,,,,,,
106,Right,커브,체인지업,슬라이더,직구,,,,,,
107,Left,체인지업,커브,직구,체인지업,커브,직구,슬라이더,커브,직구,슬라이더
108,Left,커브,,,,,,,,,
109,Right,커브,슬라이더,직구,체인지업,커브,직구,슬라이더,커브,직구,슬라이더
110,Left,직구,커브,체인지업,슬라이더,직구,체인지업,커브,직구,슬라이더,
111,Left,직구,슬라이더,커브,,,,,,,
112,Left,직구,직구,슬라이더,커브,직구,슬라이더,커브,직구,슬라이더,커브
113,Right,슬라이더,,,,,,,,,
114,Left,체인지업,슬라이더,직구,체인지업,커브,,,,,
115,Right,커브,직구,슬라이더,커브,직구,슬라이더,,,,
116,Right,직구,체인지업,,,,,,,,
117,Right,슬라이더,슬라이더,직구,체인지업,커브,직구,슬라이더,커브,직구,
118,Right,슬라이더,직구,,,,,,,,
119,Right,직구,슬라이더,커브,직구,슬라이더,커브,,,,
120,Right,커브,슬라이더,직구,체인지업,커브,직구,슬라이더,,,
121,Right,슬라이더,체인지업,커브,,,,,,,
122,Left,커브,커브,직구,슬라이더,커브,직구,슬라이더,,,
123,Right,커브,직구,슬라이더,커브,직구,,,,,
124,Right,커브,체인지업,,,,,,,,
125,Right,슬라이더,체인지업,커브,커브,직구,슬라이더,커브,직구,슬라이더,커브
126,Left,커브,커브,직구,슬라이더,커브,직구,슬라이더,,,
127,Right,직구,,,,,,,,,
128,Right,슬라이더,커브,직구,,,,,,,
129,Left,직구,직구,슬라이더,커브,직구,슬라이더,커브,,,
130,Right,직구,체인지업,,,,,,,,
131,Right,직구,직구,슬라이더,커브,직구,슬라이더,커브,직구,,
132,Left,커브,체인지업,슬라이더,직구,체인지업,,,,,
133,Right,커브,직구,슬라이더,커브,직구,슬라이더,,,,
134,Right,슬라이더,슬라이더,직구,슬라이더,커브,,,,,
135,Right,직구,체인지업,,,,,,,,
136,Left,직구,직구,슬라이더,커브,직구,슬라이더,커브,직구,슬라이더,
137,Left,직구,체인지업,커브,,,,,,,
138,Right,커브,,,,,,,,,
139,Right,커브,,,,,,,,,
140,Left,직구,슬라이더,커브,직구,슬라이더,커브,,,,
141,Right,슬라이더,슬라이더,,,,,,,,
142,Left,슬라이더,커브,직구,슬라이더,커브,직구,슬라이더,커브,,
143,Right,커브,슬라이더,직구,체인지업,커브,직구,,,,
144,Left,직구,커브,체인지업,커브,직구,슬라이더,,,,
145,Left,체인지업,슬라이더,직구,체인지업,,,,,,
146,Right,커브,,,,,,,,,
147,Right,직구,체인지업,커브,직구,슬라이더,,,,,
148,Left,직구,커브,직구,슬라이더,커브,직구,,,,
149,Right,직구,커브,슬라이더,,,,,,,
150,Left,체인지업,체인지업,슬라이더,직구,,,,,,
151,Right,커브,,,,,,,,,
152,Right,슬라이더,커브,직구,슬라이더,커브,직구,슬라이더,커브,직구,슬라이더
153,Right,커브,,,,,,,,,
154,Left,커브,직구,슬라이더,커브,직구,슬라이더,커브,직구,,
155,Right,체인지업,슬라이더,,,,,,,,
156,Left,체인지업,직구,커브,,,,,,,
157,Right,직구,커브,체인지업,슬라이더,직구,체인지업,슬라이더,직구,체인지업,
158,Left,슬라이더,커브,직구,커브,체인지업,,,,,
159,Right,체인지업,직구,,,,,,,,
160,Right,커브,체인지업,슬라이더,직구,체인지업,커브,직구,슬라이더,커브,직구
161,Right,직구,슬라이더,,,,,,,,
162,Right,직구,커브,체인지업,,,,,,,
163,Right,슬라이더,직구,체인지업,커브,직구,슬라이더,커브,커브,,
164,Left,직구,체인지업,체인지업,슬라이더,직구,체인지업,커브,직구,슬라이더,
165,Right,직구,,,,,,,,,
166,Right,슬라이더,체인지업,커브,직구,슬라이더,커브,직구,슬라이더,커브,직구
167,Left,커브,,,,,,,,,
168,Left,슬라이더,직구,체인지업,커브,직구,커브,체인지업,슬라이더,커브,직구
169,Left,슬라이더,직구,체인지업,커브,직구,슬라이더,커브,직구,슬라이더,커브
170,Right,직구,슬라이더,커브,직구,슬라이더,커브,직구,직구,슬라이더,커브
171,Left,체인지업,커브,직구,슬라이더,커브,직구,,,,
172,Right,체인지업,직구,커브,체인지업,슬라이더,직구,체인지업,커브,,
173,Right,체인지업,슬라이더,직구,,,,,,,
174,Right,체인지업,체인지업,슬라이더,,,,,,,
175,Right,직구,커브,,,,,,,,
176,Right,커브,커브,직구,슬라이더,커브,직구,슬라이더,,,
177,Right,직구,체인지업,,,,,,,,
178,Left,체인지업,슬라이더,직구,체인지업,커브,직구,슬라이더,커브,체인지업,슬라이더
179,Left,슬라이더,커브,,,,,,,,
180,Left,커브,슬라이더,직구,체인지업,커브,직구,슬라이더,,,
181,Right,직구,커브,체인지업,슬라이더,직구,체인지업,커브,,,
182,Right,커브,커브,직구,체인지업,커브,직구,,,,
183,Left,직구,직구,슬라이더,,,,,,,
184,Right,커브,체인지업,슬라이더,직구,,,,,,
185,Left,체인지업,,,,,,,,,
186,Left,커브,슬라이더,직구,체인지업,커브,직구,,,,
187,Left,슬라이더,,,,,,,,,
188,Right,슬라이더,체인지업,커브,,,,,,,
189,Left,직구,체인지업,커브,직구,슬라이더,커브,직구,커브,,
190,Left,커브,슬라이더,직구,체인지업,커브,,,,,
191,Right,슬라이더,직구,체인지업,커브,,,,,,
192,Right,체인지업,체인지업,슬라이더,직구,체인지업,커브,직구,슬라이더,,
193,Left,슬라이더,직구,체인지업,커브,직구,슬라이더,,,,
194,Right,직구,,,,,,,,,
195,Right,체인지업,체인지업,슬라이더,직구,체인지업,커브,직구,슬라이더,,
196,Right,슬라이더,체인지업,커브,,,,,,,
197,Right,체인지업,직구,커브,체인지업,,,,,,
198,Left,체인지업,체인지업,슬라이더,직구,체인지업,커브,직구,슬라이더,,
199,Left,슬라이더,커브,직구,슬라이더,커브,직구,슬라이더,,,
200,Left,커브,,,,,,,,,
201,Right,직구,직구,슬라이더,커브,,,,,,
202,Right,커브,체인지업,슬라이더,직구,,,,,,
203,Right,체인지업,슬라이더,직구,체인지업,커브,직구,슬라이더,커브,직구,슬라이더
204,Left,슬라이더,체인지업,커브,직구,슬라이더,커브,직구,슬라이더,커브,
205,Left,커브,슬라이더,직구,체인지업,커브,직구,슬라이더,커브,직구,슬라이더
206,Left,슬라이더,직구,체인지업,커브,슬라이더,직구,체인지업,커브,,
207,Right,직구,체인지업,커브,슬라이더,직구,,,,,
208,Right,커브,커브,직구,슬라이더,커브,커브,직구,,,
209,Right,직구,슬라이더,커브,직구,,,,,,
210,Right,커브,체인지업,슬라이더,직구,슬라이더,커브,직구,슬라이더,커브,
211,Right,커브,직구,,,,,,,,
212,Right,직구,체인지업,커브,직구,슬라이더,커브,직구,,,
213,Right,직구,커브,체인지업,슬라이더,직구,,,,,
214,Right,직구,커브,체인지업,,,,,,,
215,Left,체인지업,커브,직구,슬라이더,커브,커브,직구,슬라이더,커브,직구
216,Right,체인지업,체인지업,슬라이더,직구,체인지업,커브,직구,슬라이더,커브,
217,Right,직구,슬라이더,,,,,,,,
218,Right,직구,슬라이더,커브,슬라이더,직구,체인지업,커브,직구,슬라이더,
219,Left,직구,커브,,,,,,,,
220,Right,커브,직구,슬라이더,체인지업,커브,,,,,
221,Left,커브,커브,직구,슬라이더,커브,직구,슬라이더,,,
222,Left,체인지업,직구,커브,체인지업,,,,,,
223,Left,직구,체인지업,커브,,,,,,,
224,Left,체인지업,직구,커브,체인지업,슬라이더,직구,체인지업,,,
225,Right,체인지업,,,,,,,,,
226,Left,직구,,,,,,,,,
227,Left,슬라이더,슬라이더,,,,,,,,
228,Right,체인지업,커브,직구,,,,,,,
229,Left,체인지업,직구,커브,체인지업,슬라이더,직구,체인지업,커브,직구,
230,Right,커브,커브,직구,슬라이더,커브,직구,,,,
231,Left,직구,,,,,,,,,
232,Right,직구,커브,체인지업,,,,,,,
233,Right,직구,직구,슬라이더,커브,직구,슬라이더,커브,직구,슬라이더,커브
234,Right,슬라이더,커브,직구,슬라이더,커브,직구,슬라이더,커브,직구,
235,Left,커브,직구,슬라이더,커브,직구,슬라이더,,,,
236,Left,체인지업,슬라이더,직구,체인지업,커브,직구,슬라이더,커브,직구,
237,Right,커브,체인지업,슬라이더,직구,,,,,,
238,Left,커브,커브,직구,,,,,,,
239,Left,직구,슬라이더,커브,직구,,,,,,
240,Left,슬라이더,체인지업,커브,직구,슬라이더,커브,직구,슬라이더,,
241,Left,체인지업,직구,커브,체인지업,슬라이더,직구,체인지업,,,
242,Left,직구,슬라이더,커브,직구,슬라이더,,,,,
243,Left,슬라이더,커브,직구,슬라이더,커브,직구,슬라이더,커브,직구,슬라이더
244,Right,직구,,,,,,,,,
245,Left,체인지업,슬라이더,,,,,,,,
246,Left,체인지업,체인지업,슬라이더,직구,체인지업,,,,,
247,Right,슬라이더,직구,체인지업,커브,직구,슬라이더,커브,,,
248,Left,체인지업,체인지업,슬라이더,직구,체인지업,커브,직구,,,
249,Left,직구,슬라이더,커브,직구,슬라이더,,,,,
250,Left,직구,체인지업,직구,커브,체인지업,슬라이더,,,,
251,Left,직구,체인지업,커브,직구,슬라이더,커브,직구,슬라이더,커브,직구
252,Left,체인지업,,,,,,,,,
253,Right,체인지업,체인지업,슬라이더,직구,체인지업,커브,직구,슬라이더,커브,
254,Right,체인지업,슬라이더,직구,체인지업,커브,직구,슬라이더,커브,,
255,Left,직구,체인지업,커브,,,,,,,
256,Right,커브,커브,직구,슬라이더,,,,,,
257,Left,직구,체인지업,커브,직구,슬라이더,,,,,
258,Left,커브,직구,슬라이더,커브,직구,슬라이더,커브,직구,슬라이더,커브
259,Right,슬라이더,체인지업,,,,,,,,
260,Right,슬라이더,슬라이더,직구,체인지업,커브,직구,슬라이더,커브,직구,
261,Right,직구,슬라이더,커브,직구,슬라이더,커브,직구,슬라이더,커브,
262,Right,슬라이더,슬라이더,직구,체인지업,커브,직구,직구,직구,,
263,Right,직구,체인지업,커브,직구,슬라이더,커브,직구,슬라이더,커브,직구
264,Right,직구,커브,체인지업,슬라이더,직구,체인지업,커브,,,
265,Left,커브,슬라이더,,,,,,,,
266,Left,체인지업,커브,직구,슬라이더,슬라이더,직구,체인지업,커브,,
267,Right,직구,슬라이더,커브,직구,슬라이더,커브,직구,슬라이더,커브,직구
268,Right,커브,체인지업,,,,,,,,
269,Right,슬라이더,슬라이더,직구,체인지업,커브,,,,,
270,Right,직구,체인지업,커브,직구,커브,체인지업,,,,
271,Right,직구,슬라이더,커브,직구,슬라이더,커브,,,,
272,Left,커브,체인지업,슬라이더,직구,체인지업,커브,직구,슬라이더,커브,
273,Right,체인지업,체인지업,슬라이더,직구,,,,,,
274,Right,커브,,,,,,,,,
275,Left,슬라이더,슬라이더,직구,,,,,,,
276,Right,체인지업,커브,직구,슬라이더,커브,체인지업,슬라이더,직구,체인지업,커브
277,Left,체인지업,체인지업,슬라이더,,,,,,,
278,Left,슬라이더,직구,체인지업,커브,직구,슬라이더,,,,
279,Right,커브,직구,슬라이더,커브,직구,슬라이더,커브,,,
280,Left,직구,슬라이더,커브,직구,슬라이더,,,,,
281,Right,직구,슬라이더,커브,직구,슬라이더,커브,직구,슬라이더,,
282,Right,체인지업,슬라이더,직구,체인지업,커브,,,,,
283,Right,슬라이더,체인지업,커브,직구,,,,,,
284,Right,커브,슬라이더,직구,체인지업,커브,직구,슬라이더,커브,직구,
285,Right,직구,,,,,,,,,
286,Left,슬라이더,,,,,,,,,
287,Left,직구,커브,체인지업,슬라이더,직구,체인지업,커브,직구,슬라이더,커브
288,Left,슬라이더,직구,체인지업,커브,직구,슬라이더,커브,,,
289,Right,슬라이더,커브,직구,슬라이더,,,,,,
290,Left,체인지업,,,,,,,,,
291,Left,체인지업,체인지업,슬라이더,직구,체인지업,커브,직구,슬라이더,커브,
292,Right,커브,체인지업,슬라이더,직구,체인지업,커브,체인지업,슬라이더,,
293,Left,슬라이더,직구,체인지업,커브,,,,,,
294,Right,체인지업,체인지업,,,,,,,,
295,Left,커브,슬라이더,직구,체인지업,커브,직구,슬라이더,커브,직구,슬라이더
296,Left,커브,커브,직구,슬라이더,커브,직구,슬라이더,커브,,
297,Left,슬라이더,체인지업,,,,,,,,
298,Left,슬라이더,,,,,,,,,
299,Right,직구,체인지업,,,,,,,,
300,Left,체인지업,슬라이더,직구,,,,,,,
301,Left,커브,직구,슬라이더,커브,,,,,,
302,Right,직구,커브,체인지업,슬라이더,직구,체인지업,커브,직구,,
303,Right,커브,체인지업,,,,,,,,
304,Right,커브,체인지업,슬라이더,직구,,,,,,
305,Right,슬라이더,체인지업,체인지업,슬라이더,직구,체인지업,커브,직구,슬라이더,
306,Right,슬라이더,직구,체인지업,커브,직구,슬라이더,커브,직구,체인지업,커브
307,Right,슬라이더,직구,체인지업,커브,직구,슬라이더,,,,
308,Left,직구,체인지업,커브,직구,슬라이더,커브,,,,
309,Right,커브,직구,슬라이더,커브,직구,슬라이더,커브,직구,슬라이더,슬라이더
310,Right,체인지업,커브,직구,슬라이더,커브,,,,,
311,Right,직구,슬라이더,,,,,,,,
312,Right,직구,직구,슬라이더,커브,직구,,,,,
313,Right,커브,체인지업,슬라이더,직구,체인지업,,,,,
314,Left,커브,직구,직구,슬라이더,커브,,,,,
315,Left,직구,직구,슬라이더,,,,,,,
316,Left,커브,슬라이더,직구,체인지업,커브,커브,직구,,,
317,Left,커브,슬라이더,,,,,,,,
318,Left,직구,체인지업,커브,직구,슬라이더,커브,직구,슬라이더,커브,
319,Right,커브,슬라이더,직구,체인지업,커브,직구,슬라이더,,,
320,Left,체인지업,직구,커브,체인지업,슬라이더,커브,직구,,,
321,Right,체인지업,,,,,,,,,
322,Right,커브,체인지업,슬라이더,직구,체인지업,커브,직구,,,
323,Left,직구,슬라이더,커브,직구,,,,,,
324,Right,직구,커브,체인지업,슬라이더,직구,체인지업,커브,직구,슬라이더,
325,Right,커브,,,,,,,,,
326,Left,슬라이더,직구,체인지업,직구,커브,체인지업,,,,
327,Left,커브,체인지업,슬라이더,직구,체인지업,커브,직구,슬라이더,커브,
328,Left,슬라이더,슬라이더,직구,슬라이더,커브,직구,슬라이더,커브,직구,슬라이더
329,Right,직구,커브,,,,,,,,
330,Left,체인지업,슬라이더,직구,체인지업,커브,직구,슬라이더,,,
331,Right,커브,직구,슬라이더,커브,직구,슬라이더,,,,
332,Left,커브,슬라이더,,,,,,,,
333,Right,슬라이더,체인지업,커브,,,,,,,
334,Right,슬라이더,,,,,,,,,
335,Left,직구,커브,,,,,,,,
336,Left,커브,직구,,,,,,,,
337,Left,체인지업,직구,커브,체인지업,,,,,,
338,Left,직구,직구,슬라이더,커브,직구,슬라이더,,,,
339,Right,직구,커브,체인지업,슬라이더,직구,,,,,
340,Right,슬라이더,커브,직구,,,,,,,
341,Right,직구,체인지업,커브,직구,슬라이더,커브,직구,,,
342,Right,직구,슬라이더,커브,직구,슬라이더,,,,,
343,Right,체인지업,체인지업,슬라이더,직구,체인지업,커브,직구,슬라이더,,
344,Right,슬라이더,체인지업,커브,직구,커브,체인지업,슬라이더,직구,,
345,Left,슬라이더,커브,직구,슬라이더,커브,,,,,
346,Right,직구,슬라이더,커브,직구,슬라이더,커브,,,,
347,Left,직구,슬라이더,커브,직구,슬라이더,커브,,,,
348,Right,커브,,,,,,,,,
349,Left,직구,직구,슬라이더,,,,,,,
350,Right,체인지업,커브,직구,슬라이더,커브,직구,슬라이더,커브,직구,슬라이더
351,Right,체인지업,커브,직구,슬라이더,커브,직구,슬라이더,커브,직구,슬라이더
352,Right,체인지업,슬라이더,직구,체인지업,커브,직구,슬라이더,,,
353,Left,체인지업,커브,슬라이더,직구,체인지업,커브,,,,
354,Right,커브,체인지업,슬라이더,,,,,,,
355,Right,슬라이더,슬라이더,직구,체인지업,커브,,,,,
356,Left,커브,직구,슬라이더,,,,,,,
357,Right,직구,커브,체인지업,,,,,,,
358,Right,슬라이더,직구,체인지업,,,,,,,
359,Right,슬라이더,체인지업,커브,직구,슬라이더,커브,직구,슬라이더,커브,
360,Left,슬라이더,슬라이더,,,,,,,,
361,Right,체인지업,슬라이더,직구,체인지업,커브,직구,슬라이더,커브,,
362,Right,커브,커브,직구,슬라이더,커브,직구,슬라이더,커브,,
363,Right,커브,체인지업,슬라이더,직구,체인지업,커브,,,,
364,Left,직구,커브,직구,슬라이더,커브,슬라이더,직구,,,
365,Right,직구,체인지업,커브,직구,슬라이더,커브,직구,,,
366,Left,커브,체인지업,,,,,,,,
367,Right,체인지업,직구,커브,체인지업,,,,,,
368,Right,직구,체인지업,커브,직구,슬라이더,커브,직구,슬라이더,,
369,Left,슬라이더,직구,직구,슬라이더,커브,직구,슬라이더,커브,,
370,Right,직구,체인지업,직구,커브,체인지업,슬라이더,,,,
371,Right,직구,직구,슬라이더,체인지업,커브,직구,슬라이더,,,
372,Left,체인지업,직구,커브,커브,직구,슬라이더,,,,
373,Left,체인지업,체인지업,슬라이더,직구,체인지업,커브,직구,슬라이더,,
374,Left,커브,슬라이더,직구,체인지업,커브,직구,슬라이더,커브,,
375,Left,직구,체인지업,커브,직구,슬라이더,커브,직구,슬라이더,,
376,Left,커브,,,,,,,,,
377,Right,슬라이더,직구,체인지업,커브,직구,슬라이더,커브,직구,슬라이더,커브
378,Left,체인지업,체인지업,슬라이더,직구,체인지업,커브,직구,슬라이더,커브,직구
379,Right,직구,슬라이더,직구,체인지업,커브,,,,,
380,Right,직구,커브,체인지업,슬라이더,직구,체인지업,,,,
381,Right,커브,,,,,,,,,
382,Right,체인지업,체인지업,슬라이더,직구,체인지업,커브,직구,슬라이더,커브,
383,Right,커브,커브,직구,슬라이더,커브,직구,슬라이더,커브,,
384,Left,커브,직구,슬라이더,커브,직구,슬라이더,커브,직구,슬라이더,커브
385,Right,커브,체인지업,커브,직구,슬라이더,커브,직구,슬라이더,,
386,Right,슬라이더,커브,직구,슬라이더,커브,직구,슬라이더,커브,,
387,Left,직구,,,,,,,,,
388,Left,슬라이더,체인지업,커브,직구,슬라이더,,,,,
389,Left,커브,직구,슬라이더,커브,,,,,,
390,Left,커브,직구,슬라이더,커브,직구,슬라이더,직구,,,
391,Right,체인지업,직구,,,,,,,,
392,Right,체인지업,직구,커브,,,,,,,
393,Left,슬라이더,체인지업,커브,직구,슬라이더,커브,,,,
394,Right,체인지업,슬라이더,직구,체인지업,커브,,,,,
395,Left,체인지업,슬라이더,커브,,,,,,,
396,Right,체인지업,,,,,,,,,
397,Right,슬라이더,직구,체인지업,,,,,,,
398,Right,체인지업,슬라이더,직구,체인지업,커브,직구,슬라이더,커브,커브,
399,Right,직구,직구,슬라이더,커브,직구,슬라이더,,,,
400,Right,체인지업,,,,,,,,,
401,Right,슬라이더,커브,직구,,,,,,,
402,Right,슬라이더,슬라이더,직구,체인지업,,,,,,
403,Right,커브,커브,직구,슬라이더,커브,직구,슬라이더,,,
404,Right,직구,커브,체인지업,슬라이더,직구,커브,체인지업,슬라이더,,
405,Left,직구,,,,,,,,,
406,Left,체인지업,체인지업,슬라이더,직구,,,,,,
407,Right,슬라이더,직구,체인지업,커브,직구,슬라이더,커브,직구,,
408,Right,직구,직구,직구,슬라이더,커브,직구,슬라이더,커브,직구,
409,Left,슬라이더,커브,직구,슬라이더,커브,,,,,
410,Left,슬라이더,체인지업,커브,직구,슬라이더,커브,직구,슬라이더,,
411,Left,직구,슬라이더,커브,직구,슬라이더,,,,,
412,Left,슬라이더,슬라이더,직구,체인지업,,,,,,
413,Left,체인지업,커브,직구,,,,,,,
414,Right,커브,,,,,,,,,
415,Right,슬라이더,커브,직구,슬라이더,커브,직구,슬라이더,,,
416,Right,체인지업,직구,,,,,,,,
417,Right,직구,직구,슬라이더,커브,직구,슬라이더,커브,직구,슬라이더,커브
418,Left,슬라이더,커브,직구,슬라이더,커브,직구,슬라이더,커브,,
419,Right,커브,커브,직구,슬라이더,커브,직구,슬라이더,커브,직구,슬라이더
420,Left,커브,커브,직구,슬라이더,커브,직구,,,,
421,Right,슬라이더,체인지업,커브,직구,슬라이더,커브,직구,,,
422,Left,직구,슬라이더,커브,체인지업,슬라이더,직구,체인지업,,,
423,Left,직구,슬라이더,커브,직구,슬라이더,체인지업,커브,직구,슬라이더,커브
424,Right,커브,체인지업,슬라이더,커브,직구,슬라이더,커브,직구,,
425,Right,슬라이더,커브,직구,슬라이더,커브,직구,,,,
426,Right,직구,슬라이더,커브,슬라이더,직구,체인지업,커브,,,
427,Right,슬라이더,커브,직구,슬라이더,커브,,,,,
428,Left,슬라이더,슬라이더,직구,체인지업,커브,직구,슬라이더,커브,직구,
429,Right,직구,슬라이더,커브,직구,슬라이더,커브,,,,
430,Left,슬라이더,슬라이더,직구,체인지업,커브,직구,슬라이더,,,
431,Right,커브,직구,슬라이더,커브,직구,슬라이더,커브,직구,,
432,Left,커브,커브,직구,슬라이더,커브,,,,,
433,Left,직구,슬라이더,커브,직구,슬라이더,커브,직구,슬라이더,커브,
434,Right,커브,체인지업,슬라이더,직구,체인지업,커브,직구,슬라이더,커브,
435,Left,커브,직구,,,,,,,,
436,Left,직구,체인지업,커브,직구,슬라이더,커브,직구,,,
437,Left,체인지업,슬라이더,직구,커브,,,,,,
438,Right,체인지업,커브,직구,슬라이더,커브,직구,,,,
439,Left,슬라이더,체인지업,,,,,,,,
440,Left,커브,직구,슬라이더,커브,직구,슬라이더,,,,
441,Left,체인지업,체인지업,슬라이더,직구,체인지업,커브,직구,슬라이더,,
442,Left,직구,커브,슬라이더,직구,체인지업,커브,,,,
443,Left,직구,슬라이더,커브,직구,슬라이더,커브,직구,슬라이더,커브,직구
444,Left,체인지업,직구,커브,체인지업,슬라이더,직구,체인지업,커브,,
445,Left,슬라이더,커브,직구,슬라이더,커브,직구,,,,
446,Left,커브,체인지업,커브,,,,,,,
447,Right,직구,체인지업,커브,직구,,,,,,
448,Right,커브,,,,,,,,,
449,Left,커브,슬라이더,직구,체인지업,커브,직구,,,,
450,Right,슬라이더,커브,직구,슬라이더,커브,슬라이더,직구,,,
451,Right,체인지업,슬라이더,직구,체인지업,커브,,,,,
452,Left,커브,직구,슬라이더,커브,직구,,,,,
453,Right,체인지업,체인지업,슬라이더,직구,체인지업,커브,직구,,,
454,Right,커브,체인지업,슬라이더,직구,체인지업,,,,,
455,Left,커브,체인지업,슬라이더,직구,체인지업,커브,직구,슬라이더,,
456,Right,체인지업,슬라이더,직구,체인지업,커브,직구,슬라이더,,,
457,Right,커브,직구,슬라이더,,,,,,,
458,Right,직구,슬라이더,커브,직구,슬라이더,커브,직구,,,
459,Left,체인지업,체인지업,슬라이더,슬라이더,직구,체인지업,커브,커브,,
460,Right,직구,체인지업,커브,직구,슬라이더,커브,직구,슬라이더,,
461,Right,슬라이더,체인지업,커브,직구,슬라이더,커브,직구,슬라이더,커브,직구
462,Left,커브,슬라이더,직구,체인지업,체인지업,,,,,
463,Left,체인지업,체인지업,슬라이더,직구,체인지업,커브,직구,,,
464,Right,직구,,,,,,,,,
465,Left,슬라이더,커브,직구,슬라이더,커브,직구,슬라이더,커브,,
466,Left,체인지업,커브,직구,슬라이더,커브,직구,슬라이더,커브,직구,슬라이더
467,Right,슬라이더,직구,체인지업,커브,직구,슬라이더,커브,,,
468,Right,직구,직구,슬라이더,체인지업,슬라이더,직구,,,,
469,Right,체인지업,커브,직구,슬라이더,커브,,,,,
470,Left,커브,커브,직구,슬라이더,커브,직구,,,,
471,Left,커브,직구,슬라이더,커브,직구,,,,,
472,Left,슬라이더,슬라이더,직구,체인지업,커브,직구,,,,
473,Right,직구,슬라이더,커브,,,,,,,
474,Left,슬라이더,직구,체인지업,커브,직구,,,,,
475,Right,커브,커브,직구,슬라이더,커브,직구,슬라이더,,,
476,Left,체인지업,슬라이더,,,,,,,,
477,Right,슬라이더,직구,,,,,,,,
478,Left,체인지업,체인지업,슬라이더,직구,체인지업,커브,직구,슬라이더,,
479,Right,체인지업,체인지업,슬라이더,직구,체인지업,커브,직구,,,
480,Right,슬라이더,체인지업,커브,직구,슬라이더,커브,체인지업,슬라이더,직구,
481,Left,직구,슬라이더,커브,직구,,,,,,
482,Left,체인지업,커브,직구,슬라이더,커브,직구,슬라이더,커브,,
483,Left,커브,직구,,,,,,,,
484,Right,슬라이더,체인지업,커브,직구,슬라이더,커브,직구,슬라이더,,
485,Right,직구,직구,,,,,,,,
486,Right,슬라이더,직구,,,,,,,,
487,Right,커브,커브,직구,슬라이더,커브,직구,,,,
488,Right,체인지업,직구,커브,체인지업,슬라이더,직구,,,,
489,Right,체인지업,커브,직구,슬라이더,커브,직구,슬라이더,커브,직구,슬라이더
490,Right,슬라이더,슬라이더,직구,체인지업,커브,직구,슬라이더,커브,직구,
491,Left,슬라이더,직구,체인지업,,,,,,,
492,Right,커브,슬라이더,직구,,,,,,,
493,Right,체인지업,,,,,,,,,
494,Right,체인지업,슬라이더,직구,체인지업,커브,직구,슬라이더,커브,,
495,Left,슬라이더,직구,체인지업,,,,,,,
496,Right,체인지업,커브,직구,슬라이더,커브,직구,슬라이더,,,
497,Right,커브,,,,,,,,,
498,Right,체인지업,슬라이더,직구,,,,,,,
499,Right,직구,체인지업,,,,,,,,
500,Right,커브,체인지업,슬라이더,,,,,,,
501,Right,슬라이더,슬라이더,,,,,,,,
502,Left,슬라이더,직구,체인지업,커브,직구,슬라이더,,,,
503,Right,직구,체인지업,커브,직구,,,,,,
504,Right,체인지업,직구,커브,체인지업,슬라이더,,,,,
505,Left,슬라이더,체인지업,커브,직구,슬라이더,커브,직구,,,
506,Left,커브,체인지업,슬라이더,직구,체인지업,,,,,
507,Right,체인지업,체인지업,슬라이더,직구,,,,,,
508,Right,슬라이더,체인지업,커브,직구,슬라이더,커브,직구,슬라이더,커브,
509,Left,체인지업,커브,,,,,,,,
510,Left,직구,,,,,,,,,
511,Left,체인지업,체인지업,슬라이더,직구,체인지업,커브,직구,슬라이더,,
512,Right,슬라이더,커브,직구,슬라이더,커브,,,,,
513,Right,커브,커브,직구,슬라이더,커브,,,,,
514,Left,직구,체인지업,커브,직구,슬라이더,커브,직구,슬라이더,,
515,Left,슬라이더,슬라이더,직구,체인지업,,,,,,
516,Right,슬라이더,체인지업,커브,직구,슬라이더,커브,,,,
517,Right,직구,직구,,,,,,,,
518,Left,체인지업,슬라이더,직구,체인지업,커브,,,,,
519,Right,슬라이더,커브,직구,슬라이더,커브,직구,슬라이더,,,
520,Right,직구,슬라이더,커브,직구,슬라이더,직구,체인지업,커브,직구,슬라이더
521,Left,직구,커브,체인지업,슬라이더,직구,체인지업,커브,직구,슬라이더,
522,Left,체인지업,직구,,,,,,,,
523,Left,직구,슬라이더,커브,직구,직구,슬라이더,,,,
524,Right,커브,커브,직구,슬라이더,커브,,,,,
525,Left,직구,직구,슬라이더,커브,직구,슬라이더,커브,직구,슬라이더,커브
526,Left,직구,직구,슬라이더,커브,직구,슬라이더,커브,직구,슬라이더,
527,Right,체인지업,,,,,,,,,
528,Right,직구,,,,,,,,,
529,Right,체인지업,직구,커브,,,,,,,
530,Right,체인지업,슬라이더,직구,,,,,,,
531,Left,커브,체인지업,슬라이더,직구,,,,,,
532,Right,체인지업,슬라이더,직구,체인지업,,,,,,
533,Right,슬라이더,체인지업,커브,직구,체인지업,커브,직구,슬라이더,,
534,Right,슬라이더,체인지업,커브,직구,슬라이더,,,,,
535,Left,슬라이더,,,,,,,,,
536,Left,슬라이더,직구,체인지업,커브,직구,슬라이더,커브,직구,슬라이더,
537,Left,슬라이더,직구,체인지업,커브,직구,슬라이더,커브,직구,슬라이더,커브
538,Left,체인지업,슬라이더,,,,,,,,
539,Left,커브,커브,직구,슬라이더,커브,직구,슬라이더,커브,,
540,Left,직구,슬라이더,커브,직구,슬라이더,커브,직구,슬라이더,커브,
541,Left,직구,체인지업,커브,체인지업,슬라이더,직구,체인지업,커브,직구,슬라이더
542,Right,체인지업,체인지업,,,,,,,,
543,Left,슬라이더,직구,체인지업,커브,직구,,,,,
544,Right,체인지업,,,,,,,,,
545,Left,슬라이더,,,,,,,,,
546,Right,커브,슬라이더,직구,체인지업,커브,직구,슬라이더,커브,직구,
547,Right,슬라이더,체인지업,커브,,,,,,,
548,Right,체인지업,커브,직구,,,,,,,
549,Right,커브,체인지업,,,,,,,,
550,Right,슬라이더,슬라이더,직구,체인지업,커브,직구,,,,
551,Right,슬라이더,슬라이더,,,,,,,,
552,Right,체인지업,슬라이더,직구,체인지업,커브,직구,슬라이더,,,
553,Left,직구,체인지업,커브,직구,슬라이더,커브,직구,,,
554,Left,슬라이더,슬라이더,직구,체인지업,커브,직구,,,,
555,Right,체인지업,커브,슬라이더,직구,체인지업,커브,,,,
556,Left,체인지업,슬라이더,직구,체인지업,커브,직구,,,,
557,Left,체인지업,체인지업,슬라이더,직구,체인지업,커브,직구,,,
558,Right,체인지업,커브,직구,슬라이더,커브,직구,슬라이더,,,
559,Right,커브,커브,직구,슬라이더,커브,직구,슬라이더,,,
560,Left,커브,체인지업,슬라이더,커브,직구,,,,,
561,Right,슬라이더,체인지업,커브,직구,슬라이더,커브,직구,슬라이더,커브,
562,Right,커브,커브,직구,슬라이더,커브,직구,,,,
563,Left,체인지업,커브,직구,슬라이더,커브,직구,슬라이더,커브,,
564,Right,슬라이더,직구,체인지업,,,,,,,
565,Right,슬라이더,슬라이더,,,,,,,,
566,Right,체인지업,,,,,,,,,
567,Left,직구,슬라이더,커브,직구,,,,,,
568,Right,직구,,,,,,,,,
569,Right,체인지업,커브,직구,슬라이더,커브,,,,,
570,Right,직구,직구,,,,,,,,
571,Right,직구,체인지업,커브,직구,슬라이더,커브,직구,슬라이더,,
572,Left,직구,직구,슬라이더,커브,,,,,,
573,Right,슬라이더,체인지업,커브,직구,,,,,,
574,Right,커브,체인지업,슬라이더,직구,체인지업,커브,,,,
575,Left,커브,체인지업,슬라이더,직구,체인지업,커브,직구,,,
576,Right,슬라이더,커브,직구,슬라이더,커브,직구,슬라이더,커브,직구,
577,Right,체인지업,슬라이더,직구,체인지업,커브,직구,슬라이더,커브,직구,슬라이더
578,Left,체인지업,커브,직구,슬라이더,커브,,,,,
579,Right,체인지업,커브,직구,슬라이더,커브,직구,,,,
580,Left,슬라이더,직구,체인지업,커브,,,,,,
581,Left,직구,커브,체인지업,슬라이더,직구,체인지업,커브,직구,슬라이더,커브
582,Left,직구,슬라이더,커브,직구,슬라이더,커브,직구,슬라이더,커브,
583,Right,슬라이더,직구,체인지업,커브,,,,,,
584,Right,커브,슬라이더,직구,체인지업,커브,직구,슬라이더,커브,직구,
585,Left,체인지업,,,,,,,,,
586,Left,커브,체인지업,슬라이더,,,,,,,
587,Left,직구,슬라이더,커브,직구,,,,,,
588,Left,슬라이더,슬라이더,직구,체인지업,커브,직구,,,,
589,Left,직구,직구,슬라이더,커브,,,,,,
590,Right,커브,커브,직구,슬라이더,커브,직구,,,,
591,Right,슬라이더,커브,직구,슬라이더,커브,직구,슬라이더,,,
592,Right,직구,커브,체인지업,슬라이더,직구,체인지업,커브,직구,슬라이더,체인지업
593,Right,슬라이더,,,,,,,,,
594,Left,커브,체인지업,,,,,,,,
595,Right,커브,직구,슬라이더,커브,직구,슬라이더,커브,직구,,
596,Left,슬라이더,직구,슬라이더,커브,직구,,,,,
597,Right,슬라이더,직구,체인지업,,,,,,,
598,Right,직구,슬라이더,커브,직구,슬라이더,커브,슬라이더,직구,체인지업,
599,Right,슬라이더,,,,,,,,,
600,Left,직구,슬라이더,커브,직구,슬라이더,커브,직구,슬라이더,커브,
601,Left,직구,슬라이더,커브,직구,슬라이더,커브,직구,슬라이더,커브,직구
602,Right,체인지업,커브,,,,,,,,
603,Right,직구,슬라이더,커브,,,,,,,
604,Right,직구,커브,체인지업,슬라이더,직구,체인지업,커브,직구,,
605,Right,체인지업,직구,직구,슬라이더,커브,직구,슬라이더,,,
606,Left,직구,체인지업,커브,,,,,,,
607,Right,커브,슬라이더,직구,,,,,,,
608,Right,슬라이더,직구,체인지업,커브,직구,슬라이더,커브,직구,슬라이더,커브
609,Right,커브,체인지업,슬라이더,직구,체인지업,커브,직구,슬라이더,,
610,Left,체인지업,커브,직구,슬라이더,커브,,,,,
611,Right,직구,커브,슬라이더,직구,체인지업,커브,직구,슬라이더,,
612,Left,체인지업,커브,직구,슬라이더,커브,직구,슬라이더,커브,,
613,Left,슬라이더,커브,슬라이더,,,,,,,
614,Right,직구,직구,슬라이더,,,,,,,
615,Right,체인지업,체인지업,,,,,,,,
616,Left,직구,슬라이더,,,,,,,,
617,Right,커브,직구,슬라이더,커브,,,,,,
618,Left,직구,커브,체인지업,슬라이더,,,,,,
619,Left,커브,체인지업,슬라이더,직구,,,,,,
620,Left,체인지업,,,,,,,,,
621,Right,직구,체인지업,커브,직구,체인지업,커브,,,,
622,Left,커브,직구,슬라이더,커브,직구,슬라이더,커브,직구,슬라이더,
623,Left,직구,커브,체인지업,슬라이더,직구,체인지업,,,,
624,Right,체인지업,체인지업,슬라이더,슬라이더,직구,체인지업,,,,
625,Left,슬라이더,슬라이더,직구,,,,,,,
626,Right,체인지업,슬라이더,직구,체인지업,커브,,,,,
627,Left,직구,체인지업,커브,,,,,,,
628,Right,직구,커브,체인지업,,,,,,,
629,Right,커브,직구,슬라이더,커브,직구,슬라이더,커브,직구,슬라이더,커브
630,Right,직구,슬라이더,커브,직구,,,,,,
631,Left,직구,,,,,,,,,
632,Right,직구,커브,체인지업,슬라이더,직구,체인지업,커브,,,
633,Left,체인지업,슬라이더,직구,체인지업,,,,,,
634,Left,슬라이더,직구,체인지업,커브,직구,슬라이더,커브,직구,슬라이더,
635,Left,체인지업,슬라이더,직구,체인지업,,,,,,
636,Left,커브,체인지업,슬라이더,직구,체인지업,커브,직구,슬라이더,커브,
637,Right,직구,커브,,,,,,,,
638,Left,체인지업,직구,커브,체인지업,슬라이더,,,,,
639,Right,슬라이더,슬라이더,직구,체인지업,,,,,,
640,Right,체인지업,슬라이더,직구,체인지업,커브,직구,슬라이더,,,
641,Left,커브,직구,슬라이더,커브,직구,슬라이더,커브,직구,슬라이더,
642,Left,직구,직구,슬라이더,커브,직구,슬라이더,커브,,,
643,Right,커브,체인지업,슬라이더,직구,,,,,,
644,Right,커브,체인지업,슬라이더,직구,체인지업,커브,직구,슬라이더,커브,
645,Left,슬라이더,체인지업,커브,직구,슬라이더,커브,직구,슬라이더,커브,
646,Left,커브,커브,직구,슬라이더,체인지업,커브,직구,슬라이더,커브,
647,Left,직구,직구,슬라이더,커브,,,,,,
648,Left,체인지업,,,,,,,,,
649,Left,커브,커브,직구,슬라이더,커브,직구,,,,
650,Left,체인지업,체인지업,슬라이더,직구,체인지업,커브,직구,슬라이더,,
651,Right,체인지업,체인지업,슬라이더,직구,체인지업,커브,직구,슬라이더,,
652,Left,커브,,,,,,,,,
653,Left,슬라이더,슬라이더,직구,체인지업,커브,,,,,
654,Left,직구,체인지업,커브,직구,슬라이더,커브,직구,슬라이더,커브,
655,Right,직구,직구,슬라이더,커브,,,,,,
656,Left,슬라이더,체인지업,커브,직구,슬라이더,커브,,,,
657,Right,슬라이더,커브,,,,,,,,
658,Left,슬라이더,,,,,,,,,
659,Left,커브,커브,직구,슬라이더,커브,직구,커브,체인지업,슬라이더,직구
660,Left,직구,직구,슬라이더,커브,직구,,,,,
661,Right,커브,체인지업,슬라이더,직구,체인지업,커브,직구,슬라이더,,
662,Left,슬라이더,커브,,,,,,,,
663,Right,직구,직구,,,,,,,,
664,Left,커브,커브,직구,슬라이더,커브,직구,,,,
665,Right,슬라이더,슬라이더,직구,체인지업,커브,,,,,
666,Right,슬라이더,체인지업,커브,직구,슬라이더,커브,직구,,,
667,Left,슬라이더,슬라이더,직구,체인지업,,,,,,
668,Right,슬라이더,커브,직구,슬라이더,커브,직구,슬라이더,커브,직구,슬라이더
669,Left,슬라이더,슬라이더,,,,,,,,
670,Right,체인지업,체인지업,슬라이더,,,,,,,
671,Left,커브,슬라이더,직구,체인지업,커브,직구,,,,
672,Right,직구,슬라이더,커브,직구,슬라이더,,,,,
673,Right,슬라이더,직구,체인지업,커브,직구,슬라이더,직구,,,
674,Left,체인지업,직구,커브,,,,,,,
675,Left,체인지업,커브,,,,,,,,
676,Left,슬라이더,직구,체인지업,,,,,,,
677,Right,커브,직구,슬라이더,,,,,,,
678,Right,직구,직구,,,,,,,,
679,Left,직구,커브,체인지업,슬라이더,,,,,,
680,Right,체인지업,슬라이더,직구,체인지업,커브,직구,슬라이더,커브,,
681,Left,커브,체인지업,슬라이더,직구,체인지업,커브,직구,슬라이더,커브,직구
682,Right,커브,체인지업,슬라이더,직구,체인지업,커브,직구,,,
683,Right,커브,체인지업,슬라이더,직구,체인지업,,,,,
684,Right,커브,직구,슬라이더,,,,,,,
685,Right,체인지업,직구,,,,,,,,
686,Right,커브,커브,직구,슬라이더,,,,,,
687,Right,커브,체인지업,슬라이더,직구,체인지업,직구,,,,
688,Right,직구,슬라이더,커브,직구,,,,,,
689,Left,커브,슬라이더,직구,체인지업,커브,직구,슬라이더,커브,직구,
690,Right,커브,직구,슬라이더,커브,직구,슬라이더,커브,직구,슬라이더,
691,Left,직구,직구,슬라이더,커브,직구,슬라이더,커브,직구,,
692,Left,슬라이더,커브,직구,슬라이더,,,,,,
693,Left,커브,커브,직구,슬라이더,커브,직구,,,,
694,Left,직구,커브,체인지업,슬라이더,직구,체인지업,커브,직구,,
695,Right,커브,체인지업,슬라이더,,,,,,,
696,Right,커브,직구,슬라이더,커브,직구,슬라이더,,,,
697,Right,직구,체인지업,커브,,,,,,,
698,Right,슬라이더,슬라이더,직구,체인지업,커브,직구,커브,체인지업,슬라이더,
699,Right,체인지업,,,,,,,,,
700,Right,커브,직구,슬라이더,커브,,,,,,
701,Left,체인지업,직구,커브,체인지업,슬라이더,직구,체인지업,커브,,
702,Right,체인지업,커브,직구,체인지업,커브,,,,,
703,Right,직구,직구,슬라이더,,,,,,,
704,Right,직구,커브,체인지업,슬라이더,직구,체인지업,커브,직구,슬라이더,
705,Right,체인지업,커브,직구,슬라이더,커브,직구,슬라이더,커브,,
706,Left,직구,커브,체인지업,슬라이더,직구,체인지업,커브,직구,슬라이더,커브
707,Right,커브,커브,직구,커브,체인지업,슬라이더,직구,,,
708,Left,직구,직구,슬라이더,커브,직구,슬라이더,커브,직구,,
709,Left,체인지업,커브,직구,,,,,,,
710,Right,체인지업,직구,커브,체인지업,,,,,,
711,Left,체인지업,커브,,,,,,,,
712,Left,체인지업,체인지업,슬라이더,직구,체인지업,커브,직구,슬라이더,,
713,Right,체인지업,슬라이더,직구,체인지업,,,,,,
714,Right,체인지업,커브,직구,슬라이더,커브,직구,슬라이더,슬라이더,직구,체인지업
715,Left,체인지업,커브,직구,,,,,,,
716,Right,체인지업,,,,,,,,,
717,Right,체인지업,커브,직구,슬라이더,커브,직구,슬라이더,커브,직구,슬라이더
718,Right,체인지업,체인지업,슬라이더,,,,,,,
719,Right,체인지업,커브,직구,슬라이더,,,,,,
720,Right,커브,슬라이더,커브,직구,슬라이더,커브,,,,
721,Left,직구,체인지업,커브,,,,,,,
722,Right,슬라이더,,,,,,,,,
723,Left,체인지업,슬라이더,직구,체인지업,커브,직구,슬라이더,커브,,
724,Left,슬라이더,커브,직구,슬라이더,커브,,,,,
725,Right,체인지업,체인지업,슬라이더,직구,체인지업,커브,,,,
726,Left,슬라이더,직구,체인지업,커브,직구,슬라이더,,,,
727,Left,직구,체인지업,커브,직구,슬라이더,체인지업,커브,직구,,
728,Right,커브,슬라이더,직구,체인지업,커브,,,,,
729,Left,커브,직구,슬라이더,커브,직구,슬라이더,커브,,,
730,Left,직구,직구,슬라이더,커브,직구,슬라이더,커브,직구,,
731,Left,슬라이더,체인지업,커브,직구,슬라이더,커브,직구,,,
732,Left,슬라이더,체인지업,커브,직구,슬라이더,커브,직구,슬라이더,커브,직구
733,Right,커브,슬라이더,직구,체인지업,커브,직구,슬라이더,커브,,
734,Left,슬라이더,슬라이더,직구,체인지업,커브,직구,슬라이더,커브,,
735,Right,직구,,,,,,,,,
736,Right,체인지업,체인지업,슬라이더,직구,체인지업,커브,직구,슬라이더,커브,
737,Left,체인지업,체인지업,슬라이더,직구,체인지업,커브,직구,슬라이더,커브,
738,Left,커브,,,,,,,,,
739,Left,커브,커브,,,,,,,,
740,Left,체인지업,슬라이더,직구,체인지업,커브,직구,슬라이더,커브,직구,
741,Left,커브,체인지업,슬라이더,직구,체인지업,커브,직구,슬라이더,커브,
742,Right,직구,커브,,,,,,,,
743,Left,슬라이더,체인지업,,,,,,,,
744,Left,슬라이더,직구,,,,,,,,
745,Left,커브,,,,,,,,,
746,Left,커브,커브,직구,슬라이더,,,,,,
747,Left,커브,체인지업,슬라이더,직구,체인지업,,,,,
748,Right,슬라이더,슬라이더,커브,직구,,,,,,
749,Right,커브,체인지업,슬라이더,,,,,,,
750,Right,커브,체인지업,슬라이더,직구,체인지업,커브,직구,슬라이더,커브,
751,Left,슬라이더,직구,체인지업,,,,,,,
752,Left,슬라이더,직구,체인지업,,,,,,,
753,Left,슬라이더,슬라이더,직구,체인지업,커브,직구,슬라이더,커브,직구,
754,Left,슬라이더,직구,체인지업,커브,,,,,,
755,Right,슬라이더,슬라이더,직구,체인지업,,,,,,
756,Left,커브,체인지업,슬라이더,,,,,,,
757,Left,직구,직구,슬라이더,커브,직구,슬라이더,커브,직구,슬라이더,
758,Left,체인지업,커브,직구,슬라이더,커브,직구,슬라이더,커브,직구,
759,Left,슬라이더,직구,체인지업,커브,직구,슬라이더,,,,
760,Right,슬라이더,체인지업,체인지업,슬라이더,직구,체인지업,커브,,,
761,Right,커브,,,,,,,,,
762,Left,체인지업,커브,직구,슬라이더,커브,,,,,
763,Left,슬라이더,커브,,,,,,,,
764,Left,커브,직구,슬라이더,커브,직구,슬라이더,커브,직구,슬라이더,
765,Left,슬라이더,커브,직구,슬라이더,커브,직구,슬라이더,커브,직구,
766,Right,체인지업,직구,커브,,,,,,,
767,Left,슬라이더,슬라이더,직구,체인지업,체인지업,슬라이더,직구,체인지업,커브,직구
768,Left,슬라이더,슬라이더,직구,체인지업,커브,직구,,,,
769,Right,슬라이더,커브,직구,슬라이더,커브,직구,슬라이더,커브,,
770,Right,슬라이더,체인지업,커브,직구,슬라이더,커브,직구,,,
771,Left,슬라이더,슬라이더,직구,체인지업,커브,,,,,
772,Right,직구,슬라이더,,,,,,,,
773,Left,직구,직구,슬라이더,커브,,,,,,
774,Left,직구,체인지업,커브,직구,슬라이더,커브,직구,,,
775,Left,체인지업,체인지업,슬라이더,직구,체인지업,커브,,,,
776,Left,커브,,,,,,,,,
777,Right,직구,직구,슬라이더,,,,,,,
778,Right,체인지업,직구,슬라이더,커브,직구,슬라이더,,,,
779,Left,체인지업,직구,커브,,,,,,,
780,Left,직구,직구,슬라이더,커브,,,,,,
781,Left,직구,슬라이더,커브,직구,,,,,,
782,Left,커브,,,,,,,,,
783,Right,체인지업,커브,직구,슬라이더,커브,직구,커브,체인지업,슬라이더,
784,Left,체인지업,체인지업,직구,,,,,,,
785,Left,슬라이더,커브,직구,,,,,,,
786,Left,체인지업,체인지업,슬라이더,,,,,,,
787,Left,체인지업,슬라이더,직구,,,,,,,
788,Left,커브,슬라이더,직구,체인지업,커브,직구,슬라이더,커브,직구,
789,Right,직구,체인지업,커브,직구,슬라이더,커브,직구,슬라이더,커브,
790,Left,슬라이더,직구,체인지업,커브,,,,,,
791,Left,체인지업,슬라이더,직구,체인지업,커브,,,,,
792,Left,커브,체인지업,슬라이더,직구,체인지업,직구,직구,슬라이더,커브,
793,Right,직구,직구,슬라이더,커브,직구,,,,,
794,Left,슬라이더,슬라이더,직구,체인지업,커브,직구,슬라이더,,,
795,Left,직구,,,,,,,,,
796,Left,커브,체인지업,슬라이더,직구,체인지업,커브,직구,커브,,
797,Left,슬라이더,커브,직구,슬라이더,커브,직구,슬라이더,커브,,
798,Right,체인지업,커브,커브,직구,슬라이더,커브,,,,
799,Left,커브,직구,슬라이더,,,,,,,
800,Left,커브,,,,,,,,,
801,Right,커브,직구,슬라이더,커브,직구,슬라이더,커브,직구,,
802,Right,커브,슬라이더,직구,체인지업,,,,,,
803,Right,슬라이더,슬라이더,직구,체인지업,커브,직구,슬라이더,커브,직구,슬라이더
804,Left,직구,커브,체인지업,슬라이더,,,,,,
805,Left,커브,직구,슬라이더,커브,직구,슬라이더,커브,직구,슬라이더,체인지업
806,Right,슬라이더,커브,직구,슬라이더,커브,직구,슬라이더,커브,직구,
807,Right,슬라이더,체인지업,커브,직구,슬라이더,커브,직구,,,
808,Right,슬라이더,체인지업,커브,직구,슬라이더,커브,직구,슬라이더,,
809,Left,슬라이더,직구,체인지업,커브,직구,슬라이더,커브,,,
810,Right,커브,커브,직구,,,,,,,
811,Left,슬라이더,직구,체인지업,커브,직구,슬라이더,커브,직구,,
812,Right,슬라이더,체인지업,커브,직구,슬라이더,커브,,,,
813,Left,커브,직구,,,,,,,,
814,Left,슬라이더,커브,직구,슬라이더,커브,직구,슬라이더,커브,직구,슬라이더
815,Left,직구,직구,슬라이더,커브,직구,체인지업,커브,직구,,
816,Right,커브,직구,슬라이더,슬라이더,직구,체인지업,커브,,,
817,Right,체인지업,슬라이더,직구,,,,,,,
818,Right,커브,직구,슬라이더,커브,슬라이더,직구,체인지업,커브,직구,
819,Right,슬라이더,체인지업,,,,,,,,
820,Right,체인지업,,,,,,,,,
821,Left,슬라이더,슬라이더,직구,체인지업,커브,직구,슬라이더,커브,직구,
822,Left,슬라이더,직구,체인지업,체인지업,,,,,,
823,Right,슬라이더,슬라이더,직구,체인지업,직구,커브,,,,
824,Left,직구,직구,슬라이더,커브,직구,슬라이더,커브,직구,슬라이더,커브
825,Left,슬라이더,,,,,,,,,
826,Left,직구,커브,체인지업,커브,직구,슬라이더,,,,
827,Left,커브,직구,슬라이더,커브,직구,,,,,
828,Right,커브,슬라이더,직구,,,,,,,
829,Left,체인지업,,,,,,,,,
830,Right,체인지업,,,,,,,,,
831,Left,커브,슬라이더,,,,,,,,
832,Left,직구,체인지업,,,,,,,,
833,Right,커브,슬라이더,직구,체인지업,,,,,,
834,Right,체인지업,커브,직구,슬라이더,커브,직구,슬라이더,커브,,
835,Left,직구,직구,슬라이더,커브,직구,슬라이더,,,,
836,Right,직구,커브,체인지업,슬라이더,직구,,,,,
837,Right,커브,직구,슬라이더,커브,직구,슬라이더,커브,직구,슬라이더,커브
838,Left,슬라이더,커브,직구,슬라이더,커브,직구,슬라이더,,,
839,Left,체인지업,직구,커브,체인지업,슬라이더,,,,,
840,Left,슬라이더,직구,체인지업,,,,,,,
841,Left,슬라이더,직구,체인지업,커브,직구,슬라이더,커브,직구,,
842,Left,체인지업,커브,직구,슬라이더,커브,,,,,
843,Right,커브,,,,,,,,,
844,Right,커브,직구,슬라이더,,,,,,,
845,Right,커브,,,,,,,,,
846,Right,슬라이더,커브,직구,슬라이더,커브,직구,슬라이더,,,
847,Right,슬라이더,직구,체인지업,커브,직구,슬라이더,,,,
848,Left,커브,슬라이더,직구,체인지업,커브,직구,슬라이더,,,
849,Right,커브,커브,직구,슬라이더,커브,직구,,,,
850,Left,슬라이더,직구,,,,,,,,
851,Right,슬라이더,슬라이더,직구,체인지업,커브,직구,슬라이더,커브,,
852,Right,직구,직구,슬라이더,커브,직구,슬라이더,커브,직구,슬라이더,커브
853,Left,슬라이더,커브,직구,,,,,,,
854,Right,체인지업,커브,직구,,,,,,,
855,Right,커브,체인지업,,,,,,,,
856,Right,체인지업,커브,직구,커브,체인지업,슬라이더,직구,,,
857,Right,슬라이더,슬라이더,직구,체인지업,커브,직구,슬라이더,,,
858,Left,커브,,,,,,,,,
859,Right,직구,체인지업,커브,직구,슬라이더,커브,직구,슬라이더,커브,
860,Right,체인지업,슬라이더,직구,체인지업,,,,,,
861,Left,체인지업,직구,커브,체인지업,슬라이더,직구,체인지업,커브,,
862,Right,직구,슬라이더,커브,직구,슬라이더,커브,직구,슬라이더,커브,
863,Right,슬라이더,체인지업,커브,,,,,,,
864,Right,슬라이더,체인지업,커브,직구,슬라이더,커브,,,,
865,Right,슬라이더,체인지업,커브,직구,슬라이더,커브,직구,슬라이더,커브,직구
866,Right,슬라이더,커브,직구,슬라이더,,,,,,
867,Left,슬라이더,체인지업,커브,직구,슬라이더,커브,직구,슬라이더,,
868,Right,체인지업,커브,직구,슬라이더,,,,,,
869,Right,커브,커브,직구,슬라이더,커브,직구,슬라이더,커브,,
870,Left,직구,직구,슬라이더,커브,직구,슬라이더,커브,직구,슬라이더,
871,Left,체인지업,직구,커브,체인지업,,,,,,
872,Right,슬라이더,체인지업,커브,슬라이더,,,,,,
873,Left,체인지업,슬라이더,직구,체인지업,,,,,,
874,Right,커브,체인지업,슬라이더,직구,체인지업,,,,,
875,Left,체인지업,체인지업,슬라이더,직구,체인지업,커브,직구,슬라이더,커브,
876,Left,직구,직구,슬라이더,커브,직구,,,,,
877,Left,직구,슬라이더,커브,,,,,,,
878,Right,슬라이더,슬라이더,직구,체인지업,커브,직구,슬라이더,직구,체인지업,
879,Left,슬라이더,커브,직구,슬라이더,커브,직구,슬라이더,커브,직구,슬라이더
880,Right,커브,직구,슬라이더,커브,직구,슬라이더,커브,직구,,
881,Right,직구,체인지업,커브,커브,직구,슬라이더,커브,직구,슬라이더,
882,Right,체인지업,직구,커브,체인지업,슬라이더,직구,체인지업,커브,직구,
883,Left,커브,체인지업,슬라이더,,,,,,,
884,Right,직구,체인지업,커브,,,,,,,
885,Left,직구,슬라이더,커브,직구,슬라이더,커브,,,,
886,Left,슬라이더,,,,,,,,,
887,Right,커브,슬라이더,,,,,,,,
888,Right,직구,슬라이더,커브,직구,슬라이더,커브,직구,,,
889,Right,슬라이더,슬라이더,커브,직구,슬라이더,커브,직구,,,
890,Right,슬라이더,슬라이더,직구,체인지업,커브,직구,슬라이더,커브,직구,
891,Left,직구,체인지업,커브,직구,커브,체인지업,,,,
892,Left,체인지업,슬라이더,직구,체인지업,커브,직구,슬라이더,커브,슬라이더,직구
893,Left,직구,슬라이더,커브,,,,,,,
894,Left,슬라이더,,,,,,,,,
895,Left,체인지업,체인지업,슬라이더,직구,체인지업,커브,직구,슬라이더,커브,
896,Right,직구,슬라이더,커브,,,,,,,
897,Right,커브,직구,슬라이더,,,,,,,
898,Left,직구,체인지업,커브,직구,슬라이더,커브,직구,슬라이더,커브,직구
899,Left,체인지업,커브,직구,슬라이더,커브,직구,슬라이더,커브,,
900,Left,직구,직구,슬라이더,커브,슬라이더,직구,체인지업,커브,,
901,Right,직구,직구,슬라이더,커브,직구,슬라이더,,,,
902,Left,커브,슬라이더,직구,체인지업,,,,,,
903,Left,커브,체인지업,슬라이더,직구,체인지업,커브,직구,,,
904,Left,커브,,,,,,,,,
905,Left,직구,슬라이더,커브,직구,슬라이더,,,,,
906,Right,슬라이더,슬라이더,직구,체인지업,,,,,,
907,Left,체인지업,체인지업,,,,,,,,
908,Left,직구,체인지업,커브,직구,슬라이더,커브,직구,슬라이더,커브,직구
909,Left,커브,직구,슬라이더,,,,,,,
910,Left,직구,직구,슬라이더,커브,직구,슬라이더,커브,,,
911,Left,체인지업,커브,,,,,,,,
912,Right,커브,커브,직구,슬라이더,커브,직구,슬라이더,,,
913,Right,직구,직구,슬라이더,커브,직구,슬라이더,커브,,,
914,Left,커브,커브,직구,슬라이더,커브,직구,슬라이더,커브,직구,
915,Left,직구,커브,체인지업,슬라이더,직구,체인지업,커브,직구,,
916,Right,체인지업,커브,직구,,,,,,,
917,Right,슬라이더,,,,,,,,,
918,Right,체인지업,체인지업,슬라이더,직구,체인지업,커브,,,,
919,Right,직구,,,,,,,,,
920,Left,커브,커브,직구,슬라이더,커브,직구,슬라이더,,,
921,Right,커브,체인지업,슬라이더,,,,,,,
922,Left,커브,커브,직구,슬라이더,,,,,,
923,Right,직구,커브,체인지업,슬라이더,,,,,,
924,Left,체인지업,체인지업,슬라이더,직구,체인지업,커브,,,,
925,Left,슬라이더,체인지업,커브,직구,슬라이더,,,,,
926,Right,커브,직구,체인지업,커브,직구,슬라이더,커브,직구,슬라이더,
927,Right,체인지업,직구,,,,,,,,
928,Right,커브,직구,슬라이더,커브,직구,슬라이더,커브,직구,슬라이더,커브
929,Left,커브,체인지업,슬라이더,,,,,,,
930,Left,체인지업,직구,,,,,,,,
931,Left,커브,슬라이더,,,,,,,,
932,Left,직구,체인지업,커브,직구,슬라이더,커브,직구,슬라이더,커브,직구
933,Right,체인지업,커브,직구,슬라이더,슬라이더,직구,체인지업,커브,직구,
934,Right,커브,슬라이더,직구,체인지업,커브,직구,슬라이더,커브,,
935,Right,슬라이더,슬라이더,직구,,,,,,,
936,Left,커브,직구,,,,,,,,
937,Right,체인지업,커브,직구,슬라이더,커브,직구,,,,
938,Left,커브,직구,슬라이더,체인지업,커브,직구,,,,
939,Right,커브,직구,슬라이더,커브,직구,슬라이더,,,,
940,Left,커브,커브,직구,,,,,,,
941,Left,직구,체인지업,커브,직구,슬라이더,커브,직구,,,
942,Left,슬라이더,체인지업,커브,직구,슬라이더,커브,직구,,,
943,Right,직구,커브,체인지업,슬라이더,직구,,,,,
944,Left,커브,슬라이더,직구,체인지업,커브,직구,슬라이더,,,
945,Right,직구,,,,,,,,,
946,Left,슬라이더,직구,체인지업,,,,,,,
947,Left,체인지업,직구,커브,체인지업,슬라이더,직구,,,,
948,Right,체인지업,커브,,,,,,,,
949,Left,체인지업,직구,커브,체인지업,슬라이더,커브,직구,슬라이더,,
950,Right,직구,직구,슬라이더,커브,직구,슬라이더,,,,
951,Right,체인지업,,,,,,,,,
952,Left,직구,슬라이더,커브,슬라이더,직구,체인지업,,,,
953,Left,커브,슬라이더,직구,,,,,,,
954,Left,직구,체인지업,커브,직구,슬라이더,,,,,
955,Left,체인지업,체인지업,슬라이더,직구,체인지업,커브,직구,,,
956,Right,체인지업,직구,커브,체인지업,슬라이더,,,,,
957,Right,체인지업,슬라이더,,,,,,,,
958,Left,직구,커브,체인지업,슬라이더,직구,,,,,
959,Right,직구,체인지업,체인지업,슬라이더,직구,체인지업,커브,직구,슬라이더,
960,Left,체인지업,체인지업,슬라이더,직구,체인지업,,,,,
961,Right,직구,커브,체인지업,슬라이더,직구,체인지업,,,,
962,Left,슬라이더,슬라이더,직구,체인지업,커브,직구,슬라이더,,,
963,Left,체인지업,직구,커브,체인지업,,,,,,
964,Right,직구,커브,체인지업,슬라이더,,,,,,
965,Left,커브,체인지업,슬라이더,직구,체인지업,커브,직구,슬라이더,커브,
966,Left,슬라이더,,,,,,,,,
967,Left,직구,슬라이더,커브,직구,,,,,,
968,Right,슬라이더,체인지업,커브,직구,슬라이더,커브,체인지업,슬라이더,직구,
969,Left,커브,체인지업,슬라이더,직구,체인지업,커브,직구,슬라이더,,
970,Left,커브,체인지업,슬라이더,직구,체인지업,커브,직구,,,
971,Right,직구,직구,슬라이더,,,,,,,
972,Right,커브,슬라이더,,,,,,,,
973,Right,체인지업,체인지업,직구,커브,,,,,,
974,Left,직구,직구,슬라이더,커브,직구,슬라이더,커브,직구,슬라이더,
975,Left,직구,체인지업,커브,커브,직구,,,,,
976,Left,직구,체인지업,,,,,,,,
977,Right,체인지업,커브,직구,슬라이더,커브,,,,,
978,Right,커브,직구,체인지업,커브,직구,슬라이더,커브,직구,슬라이더,
979,Left,체인지업,,,,,,,,,
980,Right,직구,직구,커브,체인지업,슬라이더,직구,체인지업,커브,,
981,Left,커브,체인지업,슬라이더,커브,직구,슬라이더,커브,직구,슬라이더,커브
982,Right,슬라이더,커브,직구,슬라이더,,,,,,
983,Right,커브,체인지업,슬라이더,직구,체인지업,,,,,
984,Right,슬라이더,커브,직구,슬라이더,,,,,,
985,Left,체인지업,커브,,,,,,,,
986,Right,직구,직구,슬라이더,커브,직구,슬라이더,커브,직구,,
987,Left,커브,커브,직구,슬라이더,커브,직구,슬라이더,커브,,
988,Left,체인지업,직구,커브,체인지업,슬라이더,,,,,
989,Right,체인지업,슬라이더,직구,체인지업,커브,,,,,
990,Right,체인지업,슬라이더,직구,체인지업,커브,,,,,
991,Left,커브,체인지업,슬라이더,직구,체인지업,커브,직구,,,
992,Left,직구,직구,슬라이더,커브,직구,슬라이더,,,,
993,Left,슬라이더,체인지업,커브,직구,슬라이더,커브,직구,슬라이더,커브,
994,Left,슬라이더,슬라이더,직구,체인지업,커브,,,,,
995,Right,커브,직구,슬라이더,커브,직구,슬라이더,,,,
996,Right,슬라이더,체인지업,커브,,,,,,,
997,Left,직구,직구,슬라이더,,,,,,,
998,Left,커브,슬라이더,직구,체인지업,커브,직구,슬라이더,커브,직구,슬라이더
999,Right,커브,체인지업,,,,,,,,
1000,Right,커브,커브,직구,,,,,,,
